线名,隧道号,隧道名,里程桩号,全景点经度,全景点纬度,全景点高程,所在维修车间,拍摄时间,720云链接
杭温铁路,2,石尖（进口）,K7+341（进口）,119.7793408332,29.7802238888,253.108,横店维修车间,2026,https://www.720yun.com/t/13akuy17df7?scene_id=129907469
杭温铁路,2,石尖（出口）,K12+480（出口）,119.806775,29.7400802778,318.593,横店维修车间,2026,https://www.720yun.com/t/13akuy17df7?scene_id=129907470
杭温铁路,3,木匪岭（进口）,K12+723（进口）,119.807765,29.7385463889,317.8,横店维修车间,2026,https://www.720yun.com/t/13akuy17df7?scene_id=129907471
杭温铁路,3,木匪岭（出口）,K22+964（出口）,119.8631769443,29.6593272222,442.608,横店维修车间,2026,https://www.720yun.com/t/13akuy17df7?scene_id=129907472
杭温铁路,4,金竹坪（进口）,K23+100（进口）,119.863556389,29.6586663889,443.241,横店维修车间,2026,https://www.720yun.com/t/13akuy17df7?scene_id=129907473
杭温铁路,4,金竹坪（出口）,K24+441（出口）,119.87042,29.6477330555,422.397,横店维修车间,2026,https://www.720yun.com/t/13akuy17df7?scene_id=129907474
杭温铁路,5,松坞尖（进口）,K24+541（进口）,119.8705830556,29.6474388888,422.085,横店维修车间,2026,https://www.720yun.com/t/13akuy17df7?scene_id=129907475
杭温铁路,5,松坞尖（出口）,K27+672（出口）,119.8846263889,29.6212191667,365.083,横店维修车间,2026,https://www.720yun.com/t/13akuy17df7?scene_id=129907476
杭温铁路,6,古塘源一号（进口）,K27+751（进口）,119.8847519444,29.6209844444,365.451,横店维修车间,2026,https://www.720yun.com/t/13akuy17df7?scene_id=129907477
杭温铁路,6,古塘源一号（出口）,K28+040（出口）,119.88638,29.6183280556,362.419,横店维修车间,2026,https://www.720yun.com/t/13akuy17df7?scene_id=129907478
杭温铁路,7,古塘源二号（进口）,K28+114（进口）,119.8864669444,29.6181247222,362.751,横店维修车间,2026,https://www.720yun.com/t/13akuy17df7?scene_id=129907479
杭温铁路,7,古塘源二号（出口）,K28+941（出口）,119.8911197222,29.6111155555,330.201,横店维修车间,2026,https://www.720yun.com/t/13akuy17df7?scene_id=129907480
杭温铁路,8,古塘源三号（进口）,K29+141（进口）,119.8915602778,29.6101238889,330.94,横店维修车间,2026,https://www.720yun.com/t/13akuy17df7?scene_id=129907481
杭温铁路,8,古塘源三号（出口）,K29+380（出口）,119.8928055556,29.6075447222,341.652,横店维修车间,2026,https://www.720yun.com/t/13akuy17df7?scene_id=129907482
杭温铁路,9,郎家畈（进口）,K29+695（进口）,119.8940588889,29.6056694445,342.058,横店维修车间,2026,https://www.720yun.com/t/13akuy17df7?scene_id=129907483
杭温铁路,9,郎家畈（出口）,K30+162（出口）,119.896961111,29.6015488889,334.971,横店维修车间,2026,https://www.720yun.com/t/13akuy17df7?scene_id=129907484
杭温铁路,10,金台尖（进口）,K30+217（进口）,119.8969788888,29.6015172222,334.674,横店维修车间,2026,https://www.720yun.com/t/13akuy17df7?scene_id=129907485
杭温铁路,10,金台尖（出口）,K36+748（出口）,119.9322566665,29.5511091667,298.757,横店维修车间,2026,https://www.720yun.com/t/13akuy17df7?scene_id=129907486
杭温铁路,11,前山一号（进口）,K36+973（进口）,119.933305,29.5495266669,298.927,横店维修车间,2026,https://www.720yun.com/t/13akuy17df7?scene_id=129907487
杭温铁路,11,前山一号（出口）,K37+524（出口）,119.9370666667,29.5443372222,286.388,横店维修车间,2026,https://www.720yun.com/t/13akuy17df7?scene_id=129907488
杭温铁路,12,前山二号（进口）,K37+644（进口）,119.9365113889,29.5450936111,286.142,横店维修车间,2026,https://www.720yun.com/t/13akuy17df7?scene_id=129907489
杭温铁路,12,前山二号（出口）,K37+823（出口）,119.9375794445,29.5424288889,303.568,横店维修车间,2026,https://www.720yun.com/t/13akuy17df7?scene_id=129907490
杭温铁路,13,徐地坞（进口）,K37+887（进口）,119.9377633333,29.5421963888,304.018,横店维修车间,2026,https://www.720yun.com/t/13akuy17df7?scene_id=129907491
杭温铁路,13,徐地坞（出口）,K39+432（出口）,119.9482886113,29.5311794445,268.845,横店维修车间,2026,https://www.720yun.com/t/13akuy17df7?scene_id=129907492
杭温铁路,14,东山（进口）,K39+670（进口）,119.9488783332,29.5293494443,269.073,横店维修车间,2026,https://www.720yun.com/t/13akuy17df7?scene_id=129907493
杭温铁路,14,东山（出口）,K39+897（出口）,119.950655,29.5275452778,258.592,横店维修车间,2026,https://www.720yun.com/t/13akuy17df7?scene_id=129907494
杭温铁路,15,山星岩（进口）,K40+365（进口）,119.9531580556,29.5246983334,258.577,横店维修车间,2026,https://www.720yun.com/t/13akuy17df7?scene_id=129907495
杭温铁路,15,山星岩（出口）,K43+690（出口）,119.9738191667,29.5000569444,214.32,横店维修车间,2026,https://www.720yun.com/t/13akuy17df7?scene_id=129907496
杭温铁路,16,下坤一号（进口）,K51+629（进口）,120.0314002778,29.4510041667,177.651,横店维修车间,2026,https://www.720yun.com/t/13akuy17df7?scene_id=129907497
杭温铁路,16,下坤一号（出口）,K52+906（出口）,120.0402069445,29.4419191667,186.816,横店维修车间,2026,https://www.720yun.com/t/13akuy17df7?scene_id=129907498
杭温铁路,17,下坤二号（进口）,K52+994（进口）,120.0405838888,29.4415069445,186.899,横店维修车间,2026,https://www.720yun.com/t/13akuy17df7?scene_id=129907499
杭温铁路,17,下坤二号（出口）,K53+135（出口）,120.0410538889,29.4399488889,193.328,横店维修车间,2026,https://www.720yun.com/t/13akuy17df7?scene_id=129907500
杭温铁路,18,青山一号（进口）,K53+636（进口）,120.0434461112,29.4363377778,191.625,横店维修车间,2026,https://www.720yun.com/t/13akuy17df7?scene_id=129907501
杭温铁路,18,青山一号（出口）,K53+935（出口）,120.0449580555,29.4332466668,197.413,横店维修车间,2026,https://www.720yun.com/t/13akuy17df7?scene_id=129907502
杭温铁路,19,青山二号（进口）,K54+695（进口）,120.0474900001,29.4275405556,196.218,横店维修车间,2026,https://www.720yun.com/t/13akuy17df7?scene_id=129907503
杭温铁路,19,青山二号（出口）,K54+870（出口）,120.0481677779,29.4258047222,178.789,横店维修车间,2026,https://www.720yun.com/t/13akuy17df7?scene_id=129907504
杭温铁路,20,青山尖（进口）,K54+904（进口）,120.0481730555,29.4257844445,179.37,横店维修车间,2026,https://www.720yun.com/t/13akuy17df7?scene_id=129907505
杭温铁路,20,青山尖（出口）,K55+826（出口）,120.0498852777,29.4171961111,160.169,横店维修车间,2026,https://www.720yun.com/t/13akuy17df7?scene_id=129907506
杭温铁路,21,坞灶（进口）,K61+005（进口）,120.0319677776,29.3761500001,161.534,横店维修车间,2026,https://www.720yun.com/t/13akuy17df7?scene_id=129907507
杭温铁路,21,坞灶（出口）,K61+160（出口）,120.0299730556,29.3752913889,165.752,横店维修车间,2026,https://www.720yun.com/t/13akuy17df7?scene_id=129907508
杭温铁路,22,下傅宅（进口）,K61+504（进口）,120.0281130556,29.3731258333,164.9,横店维修车间,2026,https://www.720yun.com/t/13akuy17df7?scene_id=129907509
杭温铁路,22,下傅宅（出口）,K61+655（出口）,120.0268508334,29.3718519445,164.817,横店维修车间,2026,https://www.720yun.com/t/13akuy17df7?scene_id=129907510
杭温铁路,23,香山岭（进口）,K63+857（进口）,120.0116491667,29.3575755555,172.304,横店维修车间,2026,https://www.720yun.com/t/13akuy17df7?scene_id=129907511
杭温铁路,23,香山岭（出口）,K67+167（出口）,119.9875175,29.3363122222,203.299,横店维修车间,2026,https://www.720yun.com/t/13akuy17df7?scene_id=129907512
杭温铁路,24,上贾宅（进口）,K85+863（进口）,120.0594316667,29.230416389,200.908,横店维修车间,2026,https://www.720yun.com/t/13akuy17df7?scene_id=129907513
杭温铁路,24,上贾宅（出口）,K86+598（出口）,120.0675522222,29.2294652778,203.002,横店维修车间,2026,https://www.720yun.com/t/13akuy17df7?scene_id=129907514
杭温铁路,25,金光顶（进口）,K86+654（进口）,120.0676738889,29.2294458334,204.014,横店维修车间,2026,https://www.720yun.com/t/13akuy17df7?scene_id=129907515
杭温铁路,25,金光顶（出口）,K88+287（出口）,120.0848222222,29.2273425,224.018,横店维修车间,2026,https://www.720yun.com/t/13akuy17df7?scene_id=129907516
杭温铁路,26,里安（进口）,K88+366（进口）,120.0854052778,29.2272436112,223.931,横店维修车间,2026,https://www.720yun.com/t/13akuy17df7?scene_id=129907517
杭温铁路,26,里安（出口）,K89+011（出口）,120.0921697222,29.2268952779,221.097,横店维修车间,2026,https://www.720yun.com/t/13akuy17df7?scene_id=129907518
杭温铁路,27,王坞（进口）,K89+697（进口）,120.0988133332,29.2265536111,221.633,横店维修车间,2026,https://www.720yun.com/t/13akuy17df7?scene_id=129907519
杭温铁路,27,王坞（出口）,K90+516（出口）,120.1077394444,29.2264386111,216.143,横店维修车间,2026,https://www.720yun.com/t/13akuy17df7?scene_id=129907520
杭温铁路,28,画坞（进口）,K90+622（进口）,120.1084972222,29.2263972223,216.232,横店维修车间,2026,https://www.720yun.com/t/13akuy17df7?scene_id=129907521
杭温铁路,28,画坞（出口）,K91+061（出口）,120.1132975001,29.2257866667,218.469,横店维修车间,2026,https://www.720yun.com/t/13akuy17df7?scene_id=129907522
杭温铁路,29,朱店（进口）,K91+157（进口）,120.1138811112,29.2257205555,218.729,横店维修车间,2026,https://www.720yun.com/t/13akuy17df7?scene_id=129907523
杭温铁路,29,朱店（出口）,K93+546（出口）,120.1390105555,29.2244363889,268.856,横店维修车间,2026,https://www.720yun.com/t/13akuy17df7?scene_id=129907524
杭温铁路,30,里山（进口）,K93+780（进口）,120.1404330556,29.224465,269.194,横店维修车间,2026,https://www.720yun.com/t/13akuy17df7?scene_id=129907525
杭温铁路,30,里山（出口）,K99+289（出口）,120.1979936113,29.2245169445,288.981,横店维修车间,2026,https://www.720yun.com/t/13akuy17df7?scene_id=129907526
杭温铁路,31,梧坞（进口）,K99+342（进口）,120.1977508332,29.2244622222,288.722,横店维修车间,2026,https://www.720yun.com/t/13akuy17df7?scene_id=129907527
杭温铁路,31,梧坞（出口）,K99+697（出口）,120.2024536111,29.2247816666,292.629,横店维修车间,2026,https://www.720yun.com/t/13akuy17df7?scene_id=129907528
杭温铁路,32,马坞山（进口）,K102+467（进口）,120.2299111111,29.2230805555,274.225,横店维修车间,2026,https://www.720yun.com/t/13akuy17df7?scene_id=129907529
杭温铁路,32,马坞山（出口）,K102+972（出口）,120.2359247222,29.2219013889,273.406,横店维修车间,2026,https://www.720yun.com/t/13akuy17df7?scene_id=129907530
杭温铁路,33,里庄（进口）,K108+700（进口）,120.2922916667,29.2118372222,277.374,横店维修车间,2026,https://www.720yun.com/t/13akuy17df7?scene_id=129907531
杭温铁路,33,里庄（出口）,K108+983（出口）,120.296408611,29.2111183334,281.565,横店维修车间,2026,https://www.720yun.com/t/13akuy17df7?scene_id=129907532
杭温铁路,34,西岩岭（进口）,K109+626（进口）,120.3018944444,29.2100952779,282.655,横店维修车间,2026,https://www.720yun.com/t/13akuy17df7?scene_id=129907533
杭温铁路,34,西岩岭（出口）,K113+099（出口）,120.3356716667,29.1977272223,310.99,横店维修车间,2026,https://www.720yun.com/t/13akuy17df7?scene_id=129907534
杭温铁路,35,南上湖（进口）,K113+209（进口）,120.3356741667,29.1976902779,310.868,横店维修车间,2026,https://www.720yun.com/t/13akuy17df7?scene_id=129907535
杭温铁路,35,南上湖（出口）,K113+868（出口）,120.3417855556,29.1936991667,298.115,横店维修车间,2026,https://www.720yun.com/t/13akuy17df7?scene_id=129907536
杭温铁路,36,红山（进口）,K117+740（进口）,120.3711725,29.1714330556,302.426,横店维修车间,2026,https://www.720yun.com/t/13akuy17df7?scene_id=129907537
杭温铁路,36,红山（出口）,K118+245（出口）,120.3755211112,29.1677461111,299.39,横店维修车间,2026,https://www.720yun.com/t/13akuy17df7?scene_id=129907538
杭温铁路,37,大园岭（进口）,K119+410（进口）,120.381788889,29.1597822222,303.571,横店维修车间,2026,https://www.720yun.com/t/13akuy17df7?scene_id=129907539
杭温铁路,37,大园岭（出口）,K119+829（出口）,120.3839311111,29.1556191666,308.812,横店维修车间,2026,https://www.720yun.com/t/13akuy17df7?scene_id=129907540
杭温铁路,38,九坞（进口）,K120+085（进口）,120.3846722222,29.1542408333,308.981,横店维修车间,2026,https://www.720yun.com/t/13akuy17df7?scene_id=129907541
杭温铁路,38,九坞（出口）,K124+774（出口）,120.3941716667,29.1127716667,383.638,横店维修车间,2026,https://www.720yun.com/t/13akuy17df7?scene_id=129907542
杭温铁路,39,端头（进口）,K124+920（进口）,120.3942566667,29.1120527777,381.681,横店维修车间,2026,https://www.720yun.com/t/13akuy17df7?scene_id=129907543
杭温铁路,39,端头（出口）,K126+119（出口）,120.3945830555,29.1001480556,397.286,横店维修车间,2026,https://www.720yun.com/t/13akuy17df7?scene_id=129907544
杭温铁路,40,仙前（进口）,K126+481（进口）,120.3946838889,29.0979061111,396.758,横店维修车间,2026,https://www.720yun.com/t/13akuy17df7?scene_id=129907545
杭温铁路,40,仙前（出口）,K127+535（出口）,120.3955319445,29.08747,384.35,横店维修车间,2026,https://www.720yun.com/t/13akuy17df7?scene_id=129907546
杭温铁路,41,七秩塘（进口）,K127+790（进口）,120.3954736112,29.0861447222,384.724,横店维修车间,2026,https://www.720yun.com/t/13akuy17df7?scene_id=129907547
杭温铁路,41,七秩塘（出口）,K128+955（出口）,120.3951725001,29.07466,400.968,横店维修车间,2026,https://www.720yun.com/t/13akuy17df7?scene_id=129907548
杭温铁路,42,小岭（进口）,K129+435（进口）,120.3952383332,29.0713802778,400.104,横店维修车间,2026,https://www.720yun.com/t/13akuy17df7?scene_id=129907549
杭温铁路,42,小岭（出口）,K135+419（出口）,120.4145197224,29.0197827778,475.151,横店维修车间,2026,https://www.720yun.com/t/13akuy17df7?scene_id=129907550
杭温铁路,43,屋楼（进口）,K135+650（进口）,120.415163889,29.0185566667,474.576,横店维修车间,2026,https://www.720yun.com/t/13akuy17df7?scene_id=129907551
杭温铁路,43,屋楼（出口）,K136+123（出口）,120.4170577778,29.0138666665,477.386,横店维修车间,2026,https://www.720yun.com/t/13akuy17df7?scene_id=129907552
杭温铁路,44,仰头（进口）,K136+315（进口）,120.41761,29.0130033333,477.474,横店维修车间,2026,https://www.720yun.com/t/13akuy17df7?scene_id=129907553
杭温铁路,44,仰头（出口）,K138+192（出口）,120.4261341667,28.9970244445,505.955,横店维修车间,2026,https://www.720yun.com/t/13akuy17df7?scene_id=129907554
杭温铁路,45,磐安（进口）,K139+150（进口）,120.4306102779,28.9901058333,505.161,横店维修车间,2026,https://www.720yun.com/t/13akuy17df7?scene_id=129907555
杭温铁路,45,磐安（出口）,K145+519（出口）,120.4714436111,28.9456069444,577.886,横店维修车间,2026,https://www.720yun.com/t/13akuy17df7?scene_id=129907556
杭温铁路,46,盘峰一号（进口）,K145+590（进口）,120.4714325,28.945701111,577.339,横店维修车间,2026,https://www.720yun.com/t/13akuy17df7?scene_id=129907557
杭温铁路,46,盘峰一号（出口）,K150+459（出口）,120.5192319444,28.9309327776,604.944,横店维修车间,2026,https://www.720yun.com/t/13akuy17df7?scene_id=129907558
杭温铁路,47,盘峰二号（进口）,K151+118（进口）,120.5248488889,28.9295858334,604.511,横店维修车间,2026,https://www.720yun.com/t/13akuy17df7?scene_id=129907559
杭温铁路,47,盘峰二号（出口）,K159+413（出口）,120.6036330556,28.9005255556,435.265,横店维修车间,2026,https://www.720yun.com/t/13akuy17df7?scene_id=129907560
杭温铁路,48,仙居（进口）,K159+508（进口）,120.6038005556,28.9002644444,434.643,横店维修车间,2026,https://www.720yun.com/t/13akuy17df7?scene_id=129907561
杭温铁路,48,仙居（出口）,K167+745（出口）,120.6373972222,28.8327394443,228.99,横店维修车间,2026,https://www.720yun.com/t/13akuy17df7?scene_id=129907562
杭温铁路,49,小丁山（进口）,K172+770（进口）,120.6501877778,28.7895030556,227.134,横店维修车间,2026,https://www.720yun.com/t/13akuy17df7?scene_id=129907563
杭温铁路,49,小丁山（出口）,K177+713（出口）,120.6691013889,28.7476194443,257.394,横店维修车间,2026,https://www.720yun.com/t/13akuy17df7?scene_id=129907564
杭温铁路,50,乌岩（进口）,K177+888（进口）,120.6695947222,28.7469497221,257.17,横店维修车间,2026,https://www.720yun.com/t/13akuy17df7?scene_id=129907565
杭温铁路,50,乌岩（出口）,K178+955（出口）,120.6746558334,28.7373477778,286.823,横店维修车间,2026,https://www.720yun.com/t/13akuy17df7?scene_id=129907566
杭温铁路,51,李宅（进口）,K179+263（进口）,120.6754561111,28.7357330556,286.669,横店维修车间,2026,https://www.720yun.com/t/13akuy17df7?scene_id=129907567
杭温铁路,51,李宅（出口）,K180+262（出口）,120.6787225,28.7263027778,317.491,横店维修车间,2026,https://www.720yun.com/t/13akuy17df7?scene_id=129907568
杭温铁路,52,下亭（进口）,K180+319（进口）,120.6786680555,28.7264591666,317.29,横店维修车间,2026,https://www.720yun.com/t/13akuy17df7?scene_id=129907569
杭温铁路,52,下亭（出口）,K182+231（出口）,120.6816616667,28.7087133333,358.16,横店维修车间,2026,https://www.720yun.com/t/13akuy17df7?scene_id=129907570
杭温铁路,53,里齐（进口）,K182+915（进口）,120.6825069443,28.7035063889,357.868,横店维修车间,2026,https://www.720yun.com/t/13akuy17df7?scene_id=129907571
杭温铁路,53,里齐（出口）,K188+846（出口）,120.6909427778,28.6495963889,433.777,横店维修车间,2026,https://www.720yun.com/t/13akuy17df7?scene_id=129907572
杭温铁路,54,西安（进口）,K188+934（进口）,120.6909358333,28.6494250001,433.875,横店维修车间,2026,https://www.720yun.com/t/13akuy17df7?scene_id=129907573
杭温铁路,54,西安（出口）,K190+973（出口）,120.6940902778,28.6309572224,703.847,横店维修车间,2026,https://www.720yun.com/t/13akuy17df7?scene_id=129907574
杭温铁路,55,方厂（进口）,K190+992（进口）,120.6942163888,28.6309183334,704.425,横店维修车间,2026,https://www.720yun.com/t/13akuy17df7?scene_id=129907575
杭温铁路,55,方厂（出口）,K192+264（出口）,120.6982277779,28.6198477778,420.913,横店维修车间,2026,https://www.720yun.com/t/13akuy17df7?scene_id=129907576
杭温铁路,56,西山（进口）,K192+293（进口）,120.6983172221,28.6196961111,420.66,横店维修车间,2026,https://www.720yun.com/t/13akuy17df7?scene_id=129907577
杭温铁路,56,西山（出口）,K201+648（出口）,120.7301069444,28.5397836111,389.423,横店维修车间,2026,https://www.720yun.com/t/13akuy17df7?scene_id=129907578
杭温铁路,57,户口（进口）,K201+749（进口）,120.7302422224,28.5391983333,389.388,横店维修车间,2026,https://www.720yun.com/t/13akuy17df7?scene_id=129907579
杭温铁路,57,户口（出口）,K209+506（出口）,120.7557633333,28.4725813889,331.431,横店维修车间,2026,https://www.720yun.com/t/13akuy17df7?scene_id=129907580
杭温铁路,58,岩坦头（进口）,K209+550（进口）,120.7557841667,28.4725333333,331.298,横店维修车间,2026,https://www.720yun.com/t/13akuy17df7?scene_id=129907581
杭温铁路,58,岩坦头（出口）,K210+239（出口）,120.7575966667,28.4662861112,328.656,横店维修车间,2026,https://www.720yun.com/t/13akuy17df7?scene_id=129907582
杭温铁路,59,仙清一号（进口）,K210+300（进口）,120.7575916667,28.465841111,328.569,横店维修车间,2026,https://www.720yun.com/t/13akuy17df7?scene_id=129907583
杭温铁路,59,仙清一号（出口）,K210+878（出口）,120.7589822222,28.4604855556,314.684,横店维修车间,2026,https://www.720yun.com/t/13akuy17df7?scene_id=129907584
杭温铁路,60,仙清二号（进口）,K211+017（进口）,120.7591325,28.4597327778,314.319,横店维修车间,2026,https://www.720yun.com/t/13akuy17df7?scene_id=129907585
杭温铁路,60,仙清二号（出口）,K212+214（出口）,120.7607600001,28.4485119443,270.383,横店维修车间,2026,https://www.720yun.com/t/13akuy17df7?scene_id=129907586
杭温铁路,61,富佑（进口）,K212+355（进口）,120.7608058333,28.4476486111,270.777,横店维修车间,2026,https://www.720yun.com/t/13akuy17df7?scene_id=129907587
杭温铁路,61,富佑（出口）,K214+334（出口）,120.7630408332,28.429533611,217.04,横店维修车间,2026,https://www.720yun.com/t/13akuy17df7?scene_id=129907588
杭温铁路,62,岩坦（进口）,K215+026（进口）,120.7641011111,28.4238238889,217.222,横店维修车间,2026,https://www.720yun.com/t/13akuy17df7?scene_id=129907589
杭温铁路,62,岩坦（出口）,K216+633（出口）,120.7682836111,28.4094586111,205.803,横店维修车间,2026,https://www.720yun.com/t/13akuy17df7?scene_id=129907590
杭温铁路,63,郭后（进口）,K216+695（进口）,120.7683611111,28.4091794445,205.901,横店维修车间,2026,https://www.720yun.com/t/13akuy17df7?scene_id=129907591
杭温铁路,63,郭后（出口）,K216+842（出口）,120.7688138889,28.4074994445,205.664,横店维修车间,2026,https://www.720yun.com/t/13akuy17df7?scene_id=129907592
杭温铁路,64,深固（进口）,K217+225（进口）,120.7696936111,28.4044552778,206.037,横店维修车间,2026,https://www.720yun.com/t/13akuy17df7?scene_id=129907593
杭温铁路,64,深固（出口）,K218+348（出口）,120.7711372222,28.3941658334,188.858,横店维修车间,2026,https://www.720yun.com/t/13akuy17df7?scene_id=129907594
杭温铁路,65,大坪山（进口）,K218+654（进口）,120.7713602778,28.3917908334,189.212,横店维修车间,2026,https://www.720yun.com/t/13akuy17df7?scene_id=129907595
杭温铁路,65,大坪山（出口）,K221+105（出口）,120.7725622222,28.3693097222,189.721,横店维修车间,2026,https://www.720yun.com/t/13akuy17df7?scene_id=129907596
杭温铁路,66,林坪（进口）,K221+759（进口）,120.7725555556,28.3638272222,189.145,横店维修车间,2026,https://www.720yun.com/t/13akuy17df7?scene_id=129907597
杭温铁路,66,林坪（出口）,K222+592（出口）,120.7720688889,28.3559711111,187.663,横店维修车间,2026,https://www.720yun.com/t/13akuy17df7?scene_id=129907598
杭温铁路,67,境架山（进口）,K222+860（进口）,120.7722519445,28.3537777778,187.889,横店维修车间,2026,https://www.720yun.com/t/13akuy17df7?scene_id=129907599
杭温铁路,67,境架山（出口）,K225+559（出口）,120.7769905556,28.3294030557,203.949,横店维修车间,2026,https://www.720yun.com/t/13akuy17df7?scene_id=129907600
杭温铁路,68,金山（进口）,K227+132（进口）,120.7814199999,28.3164450001,196.013,横店维修车间,2026,https://www.720yun.com/t/13akuy17df7?scene_id=129907601
杭温铁路,68,金山（出口）,K231+649（出口）,120.7924463888,28.2761397222,199.665,横店维修车间,2026,https://www.720yun.com/t/13akuy17df7?scene_id=129907602
杭温铁路,69,霞山（进口）,K231+951（进口）,120.7928730555,28.2742361111,199.311,横店维修车间,2026,https://www.720yun.com/t/13akuy17df7?scene_id=129907603
杭温铁路,69,霞山（出口）,K232+162（出口）,120.7930680555,28.27158,199.734,横店维修车间,2026,https://www.720yun.com/t/13akuy17df7?scene_id=129907604
杭温铁路,70,白岩山（进口）,K232+461（进口）,120.7934152778,28.2696755556,199.69,横店维修车间,2026,https://www.720yun.com/t/13akuy17df7?scene_id=129907605
杭温铁路,70,白岩山（出口）,K232+882（出口）,120.7934802777,28.265181111,182.264,横店维修车间,2026,https://www.720yun.com/t/13akuy17df7?scene_id=129907606
杭温铁路,71,花坦（进口）,K233+604（进口）,120.7932544445,28.2595405555,181.26,横店维修车间,2026,https://www.720yun.com/t/13akuy17df7?scene_id=129907607
杭温铁路,71,花坦（出口）,K236+683（出口）,120.7882027778,28.2311841667,168.86,横店维修车间,2026,https://www.720yun.com/t/13akuy17df7?scene_id=129907608
杭温铁路,72,古庙（进口）,K237+291（进口）,120.787135,28.226573611,168.817,横店维修车间,2026,https://www.720yun.com/t/13akuy17df7?scene_id=129907609
杭温铁路,72,古庙（出口）,K239+620（出口）,120.7821986113,28.2052219444,187.061,横店维修车间,2026,https://www.720yun.com/t/13akuy17df7?scene_id=129907610
杭温铁路,73,梯山（进口）,K239+847（进口）,120.7820227779,28.2037483333,186.963,横店维修车间,2026,https://www.720yun.com/t/13akuy17df7?scene_id=129907611
杭温铁路,73,梯山（出口）,K242+253（出口）,120.7771955556,28.1822630554,192.799,横店维修车间,2026,https://www.720yun.com/t/13akuy17df7?scene_id=129907612
杭温铁路,74,焦坑（进口）,K242+491（进口）,120.7767902778,28.1804108333,192.928,横店维修车间,2026,https://www.720yun.com/t/13akuy17df7?scene_id=129907613
杭温铁路,74,焦坑（出口）,K242+790（出口）,120.7759630555,28.1773722223,253.045,横店维修车间,2026,https://www.720yun.com/t/13akuy17df7?scene_id=129907614
杭昌高铁,/,大盘山隧道（进口）,/,120.0832086113,30.0118466666,278.052,桐庐维修车间,2026,https://www.720yun.com/t/0fakuy17drl?scene_id=129907846
杭昌高铁,/,大盘山隧道（出口）,K40+319（出口）,120.0436702778,30.0002311111,191.135,桐庐维修车间,2026,https://www.720yun.com/t/0fakuy17drl?scene_id=129907847
杭昌高铁,/,锣鼓山隧道（进口）,k56+062（进口）,119.9112375,29.9573008334,163.409,桐庐维修车间,2026,https://www.720yun.com/t/0fakuy17drl?scene_id=129907848
杭昌高铁,/,锣鼓山隧道（出口）,/,119.9079725,29.9312463888,163.01,桐庐维修车间,2026,https://www.720yun.com/t/0fakuy17drl?scene_id=129907849
杭昌高铁,/,象山桥隧道（进口）,/,119.6095983333,29.7201419444,168.985,桐庐维修车间,2026,https://www.720yun.com/t/0fakuy17drl?scene_id=129907850
杭昌高铁,/,象山桥隧道（出口）,k97+935（出口）,119.6064288889,29.7186491667,184.499,桐庐维修车间,2026,https://www.720yun.com/t/0fakuy17drl?scene_id=129907851
杭昌高铁,/,外蓬隧道（进口）,K103+342（进口）,119.5663483334,29.6860061111,218.465,桐庐维修车间,2026,https://www.720yun.com/t/0fakuy17drl?scene_id=129907852
杭昌高铁,/,外蓬隧道（出口）,/,119.5644297223,29.6847638889,219.293,桐庐维修车间,2026,https://www.720yun.com/t/0fakuy17drl?scene_id=129907853
杭昌高铁,/,下坑垄隧道（进口）,K104+086（进口）,119.560403889,29.6817752779,219.233,桐庐维修车间,2026,https://www.720yun.com/t/0fakuy17drl?scene_id=129907854
杭昌高铁,/,下坑垄隧道（出口）,/,119.5412233333,29.6645916666,213.356,桐庐维修车间,2026,https://www.720yun.com/t/0fakuy17drl?scene_id=129907855
杭昌高铁,/,华源隧道（进口）,K116+754（进口）,119.4722375,29.5981330554,235.939,桐庐维修车间,2026,https://www.720yun.com/t/0fakuy17drl?scene_id=129907856
杭昌高铁,/,华源隧道（出口）,/,119.4658350001,29.5949447222,212.603,桐庐维修车间,2026,https://www.720yun.com/t/0fakuy17drl?scene_id=129907857
杭昌高铁,/,广林坞隧道（进口）,/,119.4119394444,29.5732911111,228.347,桐庐维修车间,2026,https://www.720yun.com/t/0fakuy17drl?scene_id=129907858
杭昌高铁,/,广林坞隧道（出口）,K123+951（出口）,119.4045963889,29.5720725,219.06,桐庐维修车间,2026,https://www.720yun.com/t/0fakuy17drl?scene_id=129907859
杭昌高铁,/,紫高尖隧道（进口）,/,119.3654411113,29.5744133333,226.938,桐庐维修车间,2026,https://www.720yun.com/t/0fakuy17drl?scene_id=129907860
杭昌高铁,/,紫高尖隧道（出口）,K142+060（出口）,119.2681230556,29.6676502778,305.207,桐庐维修车间,2026,https://www.720yun.com/t/0fakuy17drl?scene_id=129907861
杭昌高铁,/,查林隧道（进口）,K142+542（进口）,119.2654750002,29.6701602778,305.758,桐庐维修车间,2026,https://www.720yun.com/t/0fakuy17drl?scene_id=129907862
杭昌高铁,/,查林隧道（出口）,/,119.2385333333,29.6986241666,341.028,桐庐维修车间,2026,https://www.720yun.com/t/0fakuy17drl?scene_id=129907863
杭昌高铁,57,石柱山隧道（进口）,/,119.2358486111,29.7012508333,341.572,桐庐维修车间,2026,https://www.720yun.com/t/0fakuy17drl?scene_id=129907864
杭昌高铁,57,石柱山隧道（出口）,K150+261（出口）,119.2113988889,29.72261,283.797,桐庐维修车间,2026,https://www.720yun.com/t/0fakuy17drl?scene_id=129907865
杭昌高铁,58,江坑村隧道（进口）,K150+286（进口）,119.2122402779,29.7219941667,283.666,桐庐维修车间,2026,https://www.720yun.com/t/0fakuy17drl?scene_id=129907866
杭昌高铁,58,江坑村隧道（出口）,/,119.2054258333,29.72692,265.054,桐庐维修车间,2026,https://www.720yun.com/t/0fakuy17drl?scene_id=129907867
杭昌高铁,59,横坑口隧道（进口）,K151+137（进口）,119.2051852778,29.7270530555,265.077,桐庐维修车间,2026,https://www.720yun.com/t/0fakuy17drl?scene_id=129907868
杭昌高铁,59,横坑口隧道（出口）,/,119.2012197222,29.7295833333,258.8,桐庐维修车间,2026,https://www.720yun.com/t/0fakuy17drl?scene_id=129907869
杭昌高铁,60,宋畈隧道（进口）,K151+977（进口）,119.1983244444,29.73132,259.145,桐庐维修车间,2026,https://www.720yun.com/t/0fakuy17drl?scene_id=129907870
杭昌高铁,60,宋畈隧道（出口）,/,119.1950008334,29.7329149998,256.28,桐庐维修车间,2026,https://www.720yun.com/t/0fakuy17drl?scene_id=129907871
杭昌高铁,61,西王尖隧道（进口）,K153+805（进口）,119.1824522223,29.7406155556,251.703,桐庐维修车间,2026,https://www.720yun.com/t/0fakuy17drl?scene_id=129907872
杭昌高铁,61,西王尖隧道（出口）,/,119.1609994444,29.7557358333,255.332,桐庐维修车间,2026,https://www.720yun.com/t/0fakuy17drl?scene_id=129907873
杭昌高铁,63,竹坑坞1#隧道（进口）,/,119.1045655556,29.7940522223,263.554,桐庐维修车间,2026,https://www.720yun.com/t/0fakuy17drl?scene_id=129907874
杭昌高铁,63,竹坑坞1#隧道（出口）,K164+414（出口）,119.095015,29.8000216667,261.031,桐庐维修车间,2026,https://www.720yun.com/t/0fakuy17drl?scene_id=129907875
杭昌高铁,64,竹坑坞2#隧道（进口）,/,119.0940947223,29.80051,260.958,桐庐维修车间,2026,https://www.720yun.com/t/0fakuy17drl?scene_id=129907876
杭昌高铁,64,竹坑坞2#隧道（出口）,K164+448（出口）,119.0775472222,29.8112188889,260.27,桐庐维修车间,2026,https://www.720yun.com/t/0fakuy17drl?scene_id=129907877
杭昌高铁,65,石岭隧道（进口）,/,119.0771352778,29.8114272222,259.633,桐庐维修车间,2026,https://www.720yun.com/t/0fakuy17drl?scene_id=129907878
杭昌高铁,65,石岭隧道（出口）,K166+548（出口）,119.0147883332,29.8660419445,318.369,桐庐维修车间,2026,https://www.720yun.com/t/0fakuy17drl?scene_id=129907879
杭昌高铁,/,河浦隧道（进口）,K175+183（进口）,119.0152336113,29.8654027779,317.695,桐庐维修车间,2026,https://www.720yun.com/t/0fakuy17drl?scene_id=129907880
杭昌高铁,/,河浦隧道（出口）,/,119.0020613889,29.8842358333,355.341,桐庐维修车间,2026,https://www.720yun.com/t/0fakuy17drl?scene_id=129907881
杭昌高铁,69,凤庵山隧道（进口）,/,118.9999416667,29.8867722222,356.124,桐庐维修车间,2026,https://www.720yun.com/t/0fakuy17drl?scene_id=129907882
杭昌高铁,69,凤庵山隧道（出口）,K179+535（出口）,118.989775,29.8990052776,387.969,桐庐维修车间,2026,https://www.720yun.com/t/0fakuy17drl?scene_id=129907883
杭昌高铁,70,圭川溪隧道（进口）,/,118.9868363889,29.9024083333,389.068,桐庐维修车间,2026,https://www.720yun.com/t/0fakuy17drl?scene_id=129907884
杭昌高铁,70,圭川溪隧道（出口）,K186+996（出口）,118.9401616667,29.9503869444,524.939,桐庐维修车间,2026,https://www.720yun.com/t/0fakuy17drl?scene_id=129907885
杭昌高铁,/,天目山隧道（进口）,K187+050（进口）,118.9407213889,29.9500955556,525.949,桐庐维修车间,2026,https://www.720yun.com/t/0fakuy17drl?scene_id=129907886
衢九线,3,大坪坡隧道（进口）,/,118.5399769444,28.9257302778,244.004,常山综合维修车间,2026,https://www.720yun.com/t/feakuy17drh?scene_id=129907981
衢九线,3,大坪坡隧道（出口）,K036+137（出口）,118.5345097222,28.9271161111,243.548,常山综合维修车间,2026,https://www.720yun.com/t/feakuy17drh?scene_id=129907982
衢九线,6,旗山隧道（进口）,/,118.4378019444,28.9667238889,242.984,常山综合维修车间,2026,https://www.720yun.com/t/feakuy17drh?scene_id=129907983
衢九线,6,旗山隧道（出口）,K047+044（出口）,118.4335522222,28.9683363889,243.548,常山综合维修车间,2026,https://www.720yun.com/t/feakuy17drh?scene_id=129907984
衢九线,15,雷石山二号隧道（进口）,K64+072（进口）,118.278215,29.0260711111,284.136,常山综合维修车间,2026,https://www.720yun.com/t/feakuy17drh?scene_id=129907985
衢九线,15,雷石山二号隧道（出口）,/,118.2732375,29.0271255555,285.522,常山综合维修车间,2026,https://www.720yun.com/t/feakuy17drh?scene_id=129907986
衢九线,17,裴岭二号隧道（进口）,K067+246（进口）,118.246476389,29.0328822223,302.638,常山综合维修车间,2026,https://www.720yun.com/t/feakuy17drh?scene_id=129907987
衢九线,17,裴岭二号隧道（出口）,/,118.2290033334,29.0398538889,314.955,常山综合维修车间,2026,https://www.720yun.com/t/feakuy17drh?scene_id=129907988
衢九线,19,王家边隧道（进口）,/,118.22232,29.0430144445,329.675,常山综合维修车间,2026,https://www.720yun.com/t/feakuy17drh?scene_id=129907989
衢九线,19,王家边隧道（出口）,K070+260（出口）,118.2178063889,29.0452680556,322.514,常山综合维修车间,2026,https://www.720yun.com/t/feakuy17drh?scene_id=129907990
衢九线,23,王岸二号隧道（进口）,K076+469（进口）,118.1602766666,29.0663402779,331.674,常山综合维修车间,2026,https://www.720yun.com/t/feakuy17drh?scene_id=129907991
衢九线,23,王岸二号隧道（出口）,/,118.1545013889,29.0685633333,337.886,常山综合维修车间,2026,https://www.720yun.com/t/feakuy17drh?scene_id=129907992
衢九线,/,杨林（进口）,/,118.1500888889,29.07068,328.692,常山综合维修车间,2026,https://www.720yun.com/t/feakuy17drh?scene_id=129907993
衢九线,/,杨林（出口）,K83+113（出口）,118.0968641665,29.0907555556,303.358,常山综合维修车间,2026,https://www.720yun.com/t/feakuy17drh?scene_id=129907994
衢九线,/,涵洞,K083+246（涵洞）,118.0958475001,29.0907744444,303.266,常山综合维修车间,2026,https://www.720yun.com/t/feakuy17drh?scene_id=129907995
衢九线,/,歇岭（进口）,K83+260（进口）,118.0965158334,29.0913041667,303.312,常山综合维修车间,2026,https://www.720yun.com/t/feakuy17drh?scene_id=129907996
衢九线,/,歇岭（出口）,/,118.0859925,29.0945883333,297.302,常山综合维修车间,2026,https://www.720yun.com/t/feakuy17drh?scene_id=129907997
衢九线,28,白鹤山三号隧道（进口）,K85+398（进口）,118.0759155555,29.0972627778,319.615,常山综合维修车间,2026,https://www.720yun.com/t/feakuy17drh?scene_id=129907998
衢九线,28,白鹤山三号隧道（出口）,/,118.0597536111,29.1009108333,283.349,常山综合维修车间,2026,https://www.720yun.com/t/feakuy17drh?scene_id=129907999
衢九线,30,白鹤山一号隧道（进口）,/,118.0477622222,29.103345,280.4,常山综合维修车间,2026,https://www.720yun.com/t/feakuy17drh?scene_id=129908000
衢九线,30,白鹤山一号隧道（出口）,K090+025（出口）,118.0283791667,29.1066527778,267.929,常山综合维修车间,2026,https://www.720yun.com/t/feakuy17drh?scene_id=129908001
衢九线,/,何家隧道（进口）,/,118.4277472222,28.97084,243.106,常山综合维修车间,2026,https://www.720yun.com/t/feakuy17drh?scene_id=129908002
衢九线,/,何家隧道中心点,K49+372,118.4133255555,28.9741158334,520.191,常山综合维修车间,2026,https://www.720yun.com/t/feakuy17drh?scene_id=129908003
衢九线,/,朱家坞隧道（出口）,/,118.3384805555,29.0092749999,254.626,常山综合维修车间,2026,https://www.720yun.com/t/feakuy17drh?scene_id=129908004
衢九线,/,樟树坞隧道（进口）,/,118.2180983333,29.0449825,315.996,常山综合维修车间,2026,https://www.720yun.com/t/feakuy17drh?scene_id=129908005
衢九线,/,炉新二号隧道（出口）,/,118.3249597222,29.0155836109,261.705,常山综合维修车间,2026,https://www.720yun.com/t/feakuy17drh?scene_id=129908006
沪昆线,,大圆里隧道（进口）,K234+763,,,,金华综合维修车间,2018,https://www.720yun.com/t/e64jtskOzu9?scene_id=13976725
,,,,,,,,,
,,,,,,,,,
,,,,,,,,,
,,,,,,,,,
,,,,,,,,,
,,,,,,,,,
,,,,,,,,,
,,,,,,,,,
,,,,,,,,,
,,,,,,,,,
,,,,,,,,,
,,,,,,,,,
,,,,,,,,,
,,,,,,,,,
,,,,,,,,,
,,,,,,,,,
,,,,,,,,,
,,,,,,,,,
